addPerson,06:13:25:232 PM 13-May-2019,main
addFamilyMember,06:13:25:287 PM 13-May-2019,main
addPerson,06:13:25:288 PM 13-May-2019,main
addPerson,06:13:25:291 PM 13-May-2019,main
addFamilyMember,06:13:25:293 PM 13-May-2019,main
addPerson,06:13:25:295 PM 13-May-2019,main
addPerson,06:13:25:297 PM 13-May-2019,main
addFamilyMember,06:13:25:299 PM 13-May-2019,main
addPerson,06:13:25:300 PM 13-May-2019,main
addTask,06:13:25:303 PM 13-May-2019,main
addTask,06:13:25:305 PM 13-May-2019,main
addTask,06:13:25:307 PM 13-May-2019,main
addTask,06:13:25:309 PM 13-May-2019,main
addPerson,06:13:25:312 PM 13-May-2019,main
addFamilyMember,06:13:25:314 PM 13-May-2019,main
addPerson,06:13:25:317 PM 13-May-2019,main
addPerson,06:13:25:319 PM 13-May-2019,main
addFamilyMember,06:13:25:328 PM 13-May-2019,main
addPerson,06:13:25:331 PM 13-May-2019,main
addPerson,06:13:25:333 PM 13-May-2019,main
addFamilyMember,06:13:25:335 PM 13-May-2019,main
addPerson,06:13:25:337 PM 13-May-2019,main
addPerson,06:13:25:340 PM 13-May-2019,main
addFamilyMember,06:13:25:342 PM 13-May-2019,main
addPerson,06:13:25:344 PM 13-May-2019,main
addTask,06:13:25:347 PM 13-May-2019,main
addTask,06:13:25:349 PM 13-May-2019,main
addTask,06:13:25:351 PM 13-May-2019,main
removeTask,06:13:25:353 PM 13-May-2019,main
sortByPriority,06:13:25:361 PM 13-May-2019,main
addPerson,06:13:25:363 PM 13-May-2019,main
removePerson,06:13:25:365 PM 13-May-2019,main
addPerson,06:13:25:367 PM 13-May-2019,main
sortByName,06:13:25:370 PM 13-May-2019,main
addFamilyMember,06:13:25:372 PM 13-May-2019,main
addPerson,06:13:25:374 PM 13-May-2019,main
addFamilyMember,06:13:25:376 PM 13-May-2019,main
addPerson,06:13:25:378 PM 13-May-2019,main
addFamilyMember,06:13:25:381 PM 13-May-2019,main
addPerson,06:13:25:383 PM 13-May-2019,main
addFamilyMember,06:13:25:385 PM 13-May-2019,main
addPerson,06:14:02:172 PM 13-May-2019,main
addFamilyMember,06:14:02:237 PM 13-May-2019,main
addPerson,06:14:02:239 PM 13-May-2019,main
addPerson,06:14:02:242 PM 13-May-2019,main
addFamilyMember,06:14:02:244 PM 13-May-2019,main
addPerson,06:14:02:246 PM 13-May-2019,main
addPerson,06:14:02:255 PM 13-May-2019,main
addFamilyMember,06:14:02:258 PM 13-May-2019,main
addPerson,06:14:02:260 PM 13-May-2019,main
addTask,06:14:02:265 PM 13-May-2019,main
addTask,06:14:02:267 PM 13-May-2019,main
addTask,06:14:02:269 PM 13-May-2019,main
addTask,06:14:02:272 PM 13-May-2019,main
addPerson,06:14:02:275 PM 13-May-2019,main
addFamilyMember,06:14:02:277 PM 13-May-2019,main
addPerson,06:14:02:279 PM 13-May-2019,main
addPerson,06:14:02:282 PM 13-May-2019,main
addFamilyMember,06:14:02:284 PM 13-May-2019,main
addPerson,06:14:02:287 PM 13-May-2019,main
addPerson,06:14:02:289 PM 13-May-2019,main
addFamilyMember,06:14:02:292 PM 13-May-2019,main
addPerson,06:14:02:295 PM 13-May-2019,main
addPerson,06:14:02:297 PM 13-May-2019,main
addFamilyMember,06:14:02:300 PM 13-May-2019,main
addPerson,06:14:02:303 PM 13-May-2019,main
addTask,06:14:02:306 PM 13-May-2019,main
addTask,06:14:02:308 PM 13-May-2019,main
addTask,06:14:02:310 PM 13-May-2019,main
removeTask,06:14:02:312 PM 13-May-2019,main
sortByPriority,06:14:02:320 PM 13-May-2019,main
addPerson,06:14:02:322 PM 13-May-2019,main
removePerson,06:14:02:325 PM 13-May-2019,main
addPerson,06:14:02:327 PM 13-May-2019,main
sortByName,06:14:02:330 PM 13-May-2019,main
addFamilyMember,06:14:02:332 PM 13-May-2019,main
addPerson,06:14:02:334 PM 13-May-2019,main
addFamilyMember,06:14:02:337 PM 13-May-2019,main
addPerson,06:14:02:339 PM 13-May-2019,main
addFamilyMember,06:14:02:341 PM 13-May-2019,main
addPerson,06:14:02:344 PM 13-May-2019,main
addFamilyMember,06:14:02:346 PM 13-May-2019,main
addPerson,04:29:32:719 PM 04-Jun-2019,main
addFamilyMember,04:29:32:797 PM 04-Jun-2019,main
addPerson,04:29:32:797 PM 04-Jun-2019,main
addPerson,04:29:32:812 PM 04-Jun-2019,main
addFamilyMember,04:29:32:812 PM 04-Jun-2019,main
addPerson,04:29:32:812 PM 04-Jun-2019,main
addPerson,04:29:32:812 PM 04-Jun-2019,main
addFamilyMember,04:29:32:828 PM 04-Jun-2019,main
addPerson,04:29:32:828 PM 04-Jun-2019,main
addTask,04:29:32:828 PM 04-Jun-2019,main
addTask,04:29:32:843 PM 04-Jun-2019,main
addTask,04:29:32:843 PM 04-Jun-2019,main
addTask,04:29:32:843 PM 04-Jun-2019,main
addPerson,04:29:32:859 PM 04-Jun-2019,main
addFamilyMember,04:29:32:859 PM 04-Jun-2019,main
addPerson,04:29:32:859 PM 04-Jun-2019,main
addPerson,04:29:32:875 PM 04-Jun-2019,main
addFamilyMember,04:29:32:875 PM 04-Jun-2019,main
addPerson,04:29:32:875 PM 04-Jun-2019,main
addPerson,04:29:32:875 PM 04-Jun-2019,main
addFamilyMember,04:29:32:890 PM 04-Jun-2019,main
addPerson,04:29:32:890 PM 04-Jun-2019,main
addPerson,04:29:32:890 PM 04-Jun-2019,main
addFamilyMember,04:29:32:906 PM 04-Jun-2019,main
addPerson,04:29:32:906 PM 04-Jun-2019,main
addTask,04:29:32:906 PM 04-Jun-2019,main
addTask,04:29:32:906 PM 04-Jun-2019,main
addTask,04:29:32:922 PM 04-Jun-2019,main
removeTask,04:29:32:922 PM 04-Jun-2019,main
sortByPriority,04:29:32:937 PM 04-Jun-2019,main
addPerson,04:29:32:937 PM 04-Jun-2019,main
removePerson,04:29:32:937 PM 04-Jun-2019,main
addPerson,04:29:32:953 PM 04-Jun-2019,main
sortByName,04:29:32:953 PM 04-Jun-2019,main
addFamilyMember,04:29:32:953 PM 04-Jun-2019,main
addPerson,04:29:32:968 PM 04-Jun-2019,main
addFamilyMember,04:29:32:968 PM 04-Jun-2019,main
addPerson,04:29:32:968 PM 04-Jun-2019,main
addFamilyMember,04:29:32:968 PM 04-Jun-2019,main
addPerson,04:29:32:984 PM 04-Jun-2019,main
addFamilyMember,04:29:32:984 PM 04-Jun-2019,main
addPerson,04:46:43:95 PM 04-Jun-2019,main
addFamilyMember,04:46:43:167 PM 04-Jun-2019,main
addPerson,04:46:43:171 PM 04-Jun-2019,main
addPerson,04:46:43:176 PM 04-Jun-2019,main
addFamilyMember,04:46:43:179 PM 04-Jun-2019,main
addPerson,04:46:43:183 PM 04-Jun-2019,main
addPerson,04:46:43:189 PM 04-Jun-2019,main
addFamilyMember,04:46:43:192 PM 04-Jun-2019,main
addPerson,04:46:43:196 PM 04-Jun-2019,main
addTask,04:46:43:201 PM 04-Jun-2019,main
addTask,04:46:43:205 PM 04-Jun-2019,main
addTask,04:46:43:208 PM 04-Jun-2019,main
addTask,04:46:43:213 PM 04-Jun-2019,main
addPerson,04:46:43:216 PM 04-Jun-2019,main
addFamilyMember,04:46:43:218 PM 04-Jun-2019,main
addPerson,04:46:43:224 PM 04-Jun-2019,main
addPerson,04:46:43:228 PM 04-Jun-2019,main
addFamilyMember,04:46:43:230 PM 04-Jun-2019,main
addPerson,04:46:43:236 PM 04-Jun-2019,main
addPerson,04:46:43:238 PM 04-Jun-2019,main
addFamilyMember,04:46:43:240 PM 04-Jun-2019,main
addPerson,04:46:43:246 PM 04-Jun-2019,main
addPerson,04:46:43:251 PM 04-Jun-2019,main
addFamilyMember,04:46:43:253 PM 04-Jun-2019,main
addPerson,04:46:43:259 PM 04-Jun-2019,main
addTask,04:46:43:262 PM 04-Jun-2019,main
addTask,04:46:43:267 PM 04-Jun-2019,main
addTask,04:46:43:270 PM 04-Jun-2019,main
removeTask,04:46:43:275 PM 04-Jun-2019,main
sortByPriority,04:46:43:286 PM 04-Jun-2019,main
addPerson,04:46:43:290 PM 04-Jun-2019,main
removePerson,04:46:43:296 PM 04-Jun-2019,main
addPerson,04:46:43:301 PM 04-Jun-2019,main
sortByName,04:46:43:303 PM 04-Jun-2019,main
addFamilyMember,04:46:43:308 PM 04-Jun-2019,main
addPerson,04:46:43:313 PM 04-Jun-2019,main
addFamilyMember,04:46:43:315 PM 04-Jun-2019,main
addPerson,04:46:43:319 PM 04-Jun-2019,main
addFamilyMember,04:46:43:322 PM 04-Jun-2019,main
addPerson,04:46:43:324 PM 04-Jun-2019,main
addFamilyMember,04:46:43:326 PM 04-Jun-2019,main
addPerson,04:47:09:938 PM 04-Jun-2019,main
addFamilyMember,04:47:09:992 PM 04-Jun-2019,main
addPerson,04:47:09:997 PM 04-Jun-2019,main
addPerson,04:47:09:999 PM 04-Jun-2019,main
addFamilyMember,04:47:10:02 PM 04-Jun-2019,main
addPerson,04:47:10:06 PM 04-Jun-2019,main
addPerson,04:47:10:12 PM 04-Jun-2019,main
addFamilyMember,04:47:10:15 PM 04-Jun-2019,main
addPerson,04:47:10:21 PM 04-Jun-2019,main
addTask,04:47:10:24 PM 04-Jun-2019,main
addTask,04:47:10:30 PM 04-Jun-2019,main
addTask,04:47:10:32 PM 04-Jun-2019,main
addTask,04:47:10:34 PM 04-Jun-2019,main
addPerson,04:47:10:39 PM 04-Jun-2019,main
addFamilyMember,04:47:10:41 PM 04-Jun-2019,main
addPerson,04:47:10:45 PM 04-Jun-2019,main
addPerson,04:47:10:49 PM 04-Jun-2019,main
addFamilyMember,04:47:10:53 PM 04-Jun-2019,main
addPerson,04:47:10:56 PM 04-Jun-2019,main
addPerson,04:47:10:59 PM 04-Jun-2019,main
addFamilyMember,04:47:10:65 PM 04-Jun-2019,main
addPerson,04:47:10:67 PM 04-Jun-2019,main
addPerson,04:47:10:72 PM 04-Jun-2019,main
addFamilyMember,04:47:10:75 PM 04-Jun-2019,main
addPerson,04:47:10:77 PM 04-Jun-2019,main
addTask,04:47:10:80 PM 04-Jun-2019,main
addTask,04:47:10:85 PM 04-Jun-2019,main
addTask,04:47:10:88 PM 04-Jun-2019,main
removeTask,04:47:10:91 PM 04-Jun-2019,main
sortByPriority,04:47:10:103 PM 04-Jun-2019,main
addPerson,04:47:10:106 PM 04-Jun-2019,main
removePerson,04:47:10:113 PM 04-Jun-2019,main
addPerson,04:47:10:119 PM 04-Jun-2019,main
sortByName,04:47:10:122 PM 04-Jun-2019,main
addFamilyMember,04:47:10:127 PM 04-Jun-2019,main
addPerson,04:47:10:132 PM 04-Jun-2019,main
addFamilyMember,04:47:10:133 PM 04-Jun-2019,main
addPerson,04:47:10:140 PM 04-Jun-2019,main
addFamilyMember,04:47:10:143 PM 04-Jun-2019,main
addPerson,04:47:10:145 PM 04-Jun-2019,main
addFamilyMember,04:47:10:149 PM 04-Jun-2019,main
addPerson,04:52:32:765 PM 04-Jun-2019,main
addFamilyMember,04:52:32:835 PM 04-Jun-2019,main
addPerson,04:52:32:840 PM 04-Jun-2019,main
addPerson,04:52:32:843 PM 04-Jun-2019,main
addFamilyMember,04:52:32:848 PM 04-Jun-2019,main
addPerson,04:52:32:854 PM 04-Jun-2019,main
addPerson,04:52:32:857 PM 04-Jun-2019,main
addFamilyMember,04:52:32:861 PM 04-Jun-2019,main
addPerson,04:52:32:862 PM 04-Jun-2019,main
addTask,04:52:32:869 PM 04-Jun-2019,main
addTask,04:52:32:874 PM 04-Jun-2019,main
addTask,04:52:32:878 PM 04-Jun-2019,main
addTask,04:52:32:882 PM 04-Jun-2019,main
addPerson,04:52:32:885 PM 04-Jun-2019,main
addFamilyMember,04:52:32:887 PM 04-Jun-2019,main
addPerson,04:52:32:892 PM 04-Jun-2019,main
addPerson,04:52:32:895 PM 04-Jun-2019,main
addFamilyMember,04:52:32:901 PM 04-Jun-2019,main
addPerson,04:52:32:902 PM 04-Jun-2019,main
addPerson,04:52:32:909 PM 04-Jun-2019,main
addFamilyMember,04:52:32:911 PM 04-Jun-2019,main
addPerson,04:52:32:916 PM 04-Jun-2019,main
addPerson,04:52:32:919 PM 04-Jun-2019,main
addFamilyMember,04:52:32:924 PM 04-Jun-2019,main
addPerson,04:52:32:926 PM 04-Jun-2019,main
addTask,04:52:32:931 PM 04-Jun-2019,main
addTask,04:52:32:934 PM 04-Jun-2019,main
addTask,04:52:32:936 PM 04-Jun-2019,main
removeTask,04:52:32:940 PM 04-Jun-2019,main
sortByPriority,04:52:32:951 PM 04-Jun-2019,main
addPerson,04:52:32:956 PM 04-Jun-2019,main
removePerson,04:52:32:961 PM 04-Jun-2019,main
addPerson,04:52:32:966 PM 04-Jun-2019,main
sortByName,04:52:32:970 PM 04-Jun-2019,main
addFamilyMember,04:52:32:975 PM 04-Jun-2019,main
addPerson,04:52:32:978 PM 04-Jun-2019,main
addFamilyMember,04:52:32:983 PM 04-Jun-2019,main
addPerson,04:52:32:988 PM 04-Jun-2019,main
addFamilyMember,04:52:32:993 PM 04-Jun-2019,main
addPerson,04:52:32:995 PM 04-Jun-2019,main
addFamilyMember,04:52:32:998 PM 04-Jun-2019,main
addPerson,04:53:17:350 PM 04-Jun-2019,main
addFamilyMember,04:53:17:414 PM 04-Jun-2019,main
addPerson,04:53:17:419 PM 04-Jun-2019,main
addPerson,04:53:17:425 PM 04-Jun-2019,main
addFamilyMember,04:53:17:429 PM 04-Jun-2019,main
addPerson,04:53:17:432 PM 04-Jun-2019,main
addPerson,04:53:17:436 PM 04-Jun-2019,main
addFamilyMember,04:53:17:441 PM 04-Jun-2019,main
addPerson,04:53:17:443 PM 04-Jun-2019,main
addTask,04:53:17:447 PM 04-Jun-2019,main
addTask,04:53:17:452 PM 04-Jun-2019,main
addTask,04:53:17:454 PM 04-Jun-2019,main
addTask,04:53:17:457 PM 04-Jun-2019,main
addPerson,04:53:17:462 PM 04-Jun-2019,main
addFamilyMember,04:53:17:464 PM 04-Jun-2019,main
addPerson,04:53:17:469 PM 04-Jun-2019,main
addPerson,04:53:17:472 PM 04-Jun-2019,main
addFamilyMember,04:53:17:475 PM 04-Jun-2019,main
addPerson,04:53:17:478 PM 04-Jun-2019,main
addPerson,04:53:17:481 PM 04-Jun-2019,main
addFamilyMember,04:53:17:485 PM 04-Jun-2019,main
addPerson,04:53:17:488 PM 04-Jun-2019,main
addPerson,04:53:17:493 PM 04-Jun-2019,main
addFamilyMember,04:53:17:496 PM 04-Jun-2019,main
addPerson,04:53:17:501 PM 04-Jun-2019,main
addTask,04:53:17:506 PM 04-Jun-2019,main
addTask,04:53:17:510 PM 04-Jun-2019,main
addTask,04:53:17:515 PM 04-Jun-2019,main
removeTask,04:53:17:518 PM 04-Jun-2019,main
sortByPriority,04:53:17:528 PM 04-Jun-2019,main
addPerson,04:53:17:533 PM 04-Jun-2019,main
removePerson,04:53:17:538 PM 04-Jun-2019,main
addPerson,04:53:17:544 PM 04-Jun-2019,main
sortByName,04:53:17:550 PM 04-Jun-2019,main
addFamilyMember,04:53:17:553 PM 04-Jun-2019,main
addPerson,04:53:17:559 PM 04-Jun-2019,main
addFamilyMember,04:53:17:562 PM 04-Jun-2019,main
addPerson,04:53:17:565 PM 04-Jun-2019,main
addFamilyMember,04:53:17:569 PM 04-Jun-2019,main
addPerson,04:53:17:571 PM 04-Jun-2019,main
addFamilyMember,04:53:17:575 PM 04-Jun-2019,main
addPerson,04:56:51:135 PM 04-Jun-2019,main
addFamilyMember,04:56:51:199 PM 04-Jun-2019,main
addPerson,04:56:51:203 PM 04-Jun-2019,main
addPerson,04:56:51:208 PM 04-Jun-2019,main
addFamilyMember,04:56:51:212 PM 04-Jun-2019,main
addPerson,04:56:51:214 PM 04-Jun-2019,main
addPerson,04:56:51:219 PM 04-Jun-2019,main
addFamilyMember,04:56:51:221 PM 04-Jun-2019,main
addPerson,04:56:51:226 PM 04-Jun-2019,main
addTask,04:56:51:230 PM 04-Jun-2019,main
addTask,04:56:51:235 PM 04-Jun-2019,main
addTask,04:56:51:240 PM 04-Jun-2019,main
addTask,04:56:51:244 PM 04-Jun-2019,main
addPerson,04:56:51:249 PM 04-Jun-2019,main
addFamilyMember,04:56:51:252 PM 04-Jun-2019,main
addPerson,04:56:51:258 PM 04-Jun-2019,main
addPerson,04:56:51:261 PM 04-Jun-2019,main
addFamilyMember,04:56:51:262 PM 04-Jun-2019,main
addPerson,04:56:51:267 PM 04-Jun-2019,main
addPerson,04:56:51:271 PM 04-Jun-2019,main
addFamilyMember,04:56:51:277 PM 04-Jun-2019,main
addPerson,04:56:51:279 PM 04-Jun-2019,main
addPerson,04:56:51:284 PM 04-Jun-2019,main
addFamilyMember,04:56:51:288 PM 04-Jun-2019,main
addPerson,04:56:51:291 PM 04-Jun-2019,main
addTask,04:56:51:296 PM 04-Jun-2019,main
addTask,04:56:51:298 PM 04-Jun-2019,main
addTask,04:56:51:303 PM 04-Jun-2019,main
removeTask,04:56:51:307 PM 04-Jun-2019,main
sortByPriority,04:56:51:319 PM 04-Jun-2019,main
addPerson,04:56:51:322 PM 04-Jun-2019,main
removePerson,04:56:51:328 PM 04-Jun-2019,main
addPerson,04:56:51:332 PM 04-Jun-2019,main
sortByName,04:56:51:336 PM 04-Jun-2019,main
addFamilyMember,04:56:51:341 PM 04-Jun-2019,main
addPerson,04:56:51:345 PM 04-Jun-2019,main
addFamilyMember,04:56:51:349 PM 04-Jun-2019,main
addPerson,04:56:51:351 PM 04-Jun-2019,main
addFamilyMember,04:56:51:353 PM 04-Jun-2019,main
addPerson,04:56:51:358 PM 04-Jun-2019,main
addFamilyMember,04:56:51:361 PM 04-Jun-2019,main
addPerson,05:51:55:968 PM 04-Jun-2019,main
addFamilyMember,05:51:56:62 PM 04-Jun-2019,main
addPerson,05:51:56:68 PM 04-Jun-2019,main
addPerson,05:51:56:75 PM 04-Jun-2019,main
addFamilyMember,05:51:56:78 PM 04-Jun-2019,main
addPerson,05:51:56:82 PM 04-Jun-2019,main
addPerson,05:51:56:86 PM 04-Jun-2019,main
addFamilyMember,05:51:56:89 PM 04-Jun-2019,main
addPerson,05:51:56:93 PM 04-Jun-2019,main
addTask,05:51:56:100 PM 04-Jun-2019,main
addTask,05:51:56:104 PM 04-Jun-2019,main
addTask,05:51:56:109 PM 04-Jun-2019,main
addTask,05:51:56:114 PM 04-Jun-2019,main
addPerson,05:51:56:120 PM 04-Jun-2019,main
addFamilyMember,05:51:56:123 PM 04-Jun-2019,main
addPerson,05:51:56:127 PM 04-Jun-2019,main
addPerson,05:51:56:131 PM 04-Jun-2019,main
addFamilyMember,05:51:56:135 PM 04-Jun-2019,main
addPerson,05:51:56:139 PM 04-Jun-2019,main
addPerson,05:51:56:143 PM 04-Jun-2019,main
addFamilyMember,05:51:56:147 PM 04-Jun-2019,main
addPerson,05:51:56:152 PM 04-Jun-2019,main
addPerson,05:51:56:156 PM 04-Jun-2019,main
addFamilyMember,05:51:56:159 PM 04-Jun-2019,main
addPerson,05:51:56:163 PM 04-Jun-2019,main
addTask,05:51:56:167 PM 04-Jun-2019,main
addTask,05:51:56:178 PM 04-Jun-2019,main
addTask,05:51:56:187 PM 04-Jun-2019,main
removeTask,05:51:56:195 PM 04-Jun-2019,main
sortByPriority,05:51:56:213 PM 04-Jun-2019,main
addPerson,05:51:56:225 PM 04-Jun-2019,main
removePerson,05:51:56:233 PM 04-Jun-2019,main
addPerson,05:51:56:240 PM 04-Jun-2019,main
sortByName,05:51:56:249 PM 04-Jun-2019,main
addFamilyMember,05:51:56:258 PM 04-Jun-2019,main
addPerson,05:51:56:262 PM 04-Jun-2019,main
addFamilyMember,05:51:56:266 PM 04-Jun-2019,main
addPerson,05:51:56:270 PM 04-Jun-2019,main
addFamilyMember,05:51:56:274 PM 04-Jun-2019,main
addPerson,05:51:56:278 PM 04-Jun-2019,main
addFamilyMember,05:51:56:285 PM 04-Jun-2019,main
addPerson,05:52:25:137 PM 04-Jun-2019,main
addFamilyMember,05:52:25:210 PM 04-Jun-2019,main
addPerson,05:52:25:214 PM 04-Jun-2019,main
addPerson,05:52:25:216 PM 04-Jun-2019,main
addFamilyMember,05:52:25:220 PM 04-Jun-2019,main
addPerson,05:52:25:222 PM 04-Jun-2019,main
addPerson,05:52:25:224 PM 04-Jun-2019,main
addFamilyMember,05:52:25:227 PM 04-Jun-2019,main
addPerson,05:52:25:230 PM 04-Jun-2019,main
addTask,05:52:25:234 PM 04-Jun-2019,main
addTask,05:52:25:237 PM 04-Jun-2019,main
addTask,05:52:25:240 PM 04-Jun-2019,main
addTask,05:52:25:243 PM 04-Jun-2019,main
addPerson,05:52:25:247 PM 04-Jun-2019,main
addFamilyMember,05:52:25:249 PM 04-Jun-2019,main
addPerson,05:52:25:253 PM 04-Jun-2019,main
addPerson,05:52:25:257 PM 04-Jun-2019,main
addFamilyMember,05:52:25:261 PM 04-Jun-2019,main
addPerson,05:52:25:264 PM 04-Jun-2019,main
addPerson,05:52:25:266 PM 04-Jun-2019,main
addFamilyMember,05:52:25:270 PM 04-Jun-2019,main
addPerson,05:52:25:272 PM 04-Jun-2019,main
addPerson,05:52:25:276 PM 04-Jun-2019,main
addFamilyMember,05:52:25:279 PM 04-Jun-2019,main
addPerson,05:52:25:282 PM 04-Jun-2019,main
addTask,05:52:25:286 PM 04-Jun-2019,main
addTask,05:52:25:289 PM 04-Jun-2019,main
addTask,05:52:25:291 PM 04-Jun-2019,main
removeTask,05:52:25:295 PM 04-Jun-2019,main
sortByPriority,05:52:25:305 PM 04-Jun-2019,main
addPerson,05:52:25:308 PM 04-Jun-2019,main
removePerson,05:52:25:311 PM 04-Jun-2019,main
addPerson,05:52:25:314 PM 04-Jun-2019,main
sortByName,05:52:25:318 PM 04-Jun-2019,main
addFamilyMember,05:52:25:322 PM 04-Jun-2019,main
addPerson,05:52:25:325 PM 04-Jun-2019,main
addFamilyMember,05:52:25:328 PM 04-Jun-2019,main
addPerson,05:52:25:331 PM 04-Jun-2019,main
addFamilyMember,05:52:25:334 PM 04-Jun-2019,main
addPerson,05:52:25:338 PM 04-Jun-2019,main
addFamilyMember,05:52:25:341 PM 04-Jun-2019,main
addPerson,06:06:10:405 PM 04-Jun-2019,main
addFamilyMember,06:06:10:475 PM 04-Jun-2019,main
addPerson,06:06:10:480 PM 04-Jun-2019,main
addPerson,06:06:10:483 PM 04-Jun-2019,main
addFamilyMember,06:06:10:487 PM 04-Jun-2019,main
addPerson,06:06:10:491 PM 04-Jun-2019,main
addPerson,06:06:10:493 PM 04-Jun-2019,main
addFamilyMember,06:06:10:498 PM 04-Jun-2019,main
addPerson,06:06:10:500 PM 04-Jun-2019,main
addTask,06:06:10:506 PM 04-Jun-2019,main
addTask,06:06:10:509 PM 04-Jun-2019,main
addTask,06:06:10:511 PM 04-Jun-2019,main
addTask,06:06:10:517 PM 04-Jun-2019,main
addPerson,06:06:10:520 PM 04-Jun-2019,main
addFamilyMember,06:06:10:523 PM 04-Jun-2019,main
addPerson,06:06:10:526 PM 04-Jun-2019,main
addPerson,06:06:10:529 PM 04-Jun-2019,main
addFamilyMember,06:06:10:532 PM 04-Jun-2019,main
addPerson,06:06:10:534 PM 04-Jun-2019,main
addPerson,06:06:10:537 PM 04-Jun-2019,main
addFamilyMember,06:06:10:541 PM 04-Jun-2019,main
addPerson,06:06:10:544 PM 04-Jun-2019,main
addPerson,06:06:10:547 PM 04-Jun-2019,main
addFamilyMember,06:06:10:549 PM 04-Jun-2019,main
addPerson,06:06:10:552 PM 04-Jun-2019,main
addTask,06:06:10:555 PM 04-Jun-2019,main
addTask,06:06:10:558 PM 04-Jun-2019,main
addTask,06:06:10:560 PM 04-Jun-2019,main
removeTask,06:06:10:564 PM 04-Jun-2019,main
sortByPriority,06:06:10:573 PM 04-Jun-2019,main
addPerson,06:06:10:575 PM 04-Jun-2019,main
removePerson,06:06:10:579 PM 04-Jun-2019,main
addPerson,06:06:10:582 PM 04-Jun-2019,main
sortByName,06:06:10:587 PM 04-Jun-2019,main
addFamilyMember,06:06:10:590 PM 04-Jun-2019,main
addPerson,06:06:10:594 PM 04-Jun-2019,main
addFamilyMember,06:06:10:597 PM 04-Jun-2019,main
addPerson,06:06:10:599 PM 04-Jun-2019,main
addFamilyMember,06:06:10:602 PM 04-Jun-2019,main
addPerson,06:06:10:605 PM 04-Jun-2019,main
addFamilyMember,06:06:10:607 PM 04-Jun-2019,main
